country,lat_long,lat,lon,population_str,population,median_age_str_x,median_age_total_x,median_age_male_x,median_age_female_x,median_age_str_y,median_age_total_y,median_age_male_y,median_age_female_y
Afghanistan,"33 00 N, 65 00 E",33.0,65.0,"34,124,811 (July 2017 est.)",34124811,"total: 18.8 years
male: 18.8 years
female: 18.9 years (2017 est.)",18.8,18.8,18.9,"total: 18.8 years
male: 18.8 years
female: 18.9 years (2017 est.)",18.8,18.8,18.9
Albania,"41 00 N, 20 00 E",41.0,20.0,"3,047,987 (July 2017 est.)",3047987,"total: 32.9 years
male: 31.6 years
female: 34.3 years (2017 est.)",32.9,31.6,34.3,"total: 32.9 years
male: 31.6 years
female: 34.3 years (2017 est.)",32.9,31.6,34.3
Algeria,"28 00 N, 3 00 E",28.0,3.0,"40,969,443 (July 2017 est.)",40969443,"total: 28.1 years
male: 27.8 years
female: 28.4 years (2017 est.)",28.1,27.8,28.4,"total: 28.1 years
male: 27.8 years
female: 28.4 years (2017 est.)",28.1,27.8,28.4
American Samoa,"14 20 S, 170 00 W",-14.333333333333334,-170.0,"51,504 (July 2017 est.)",51504,"total: 25.5 years
male: 25.1 years
female: 26 years (2017 est.)",25.5,25.1,26.0,"total: 25.5 years
male: 25.1 years
female: 26 years (2017 est.)",25.5,25.1,26.0
Andorra,"42 30 N, 1 30 E",42.5,1.5,"76,965 (July 2017 est.)",76965,"total: 44.3 years
male: 44.4 years
female: 44.1 years (2017 est.)",44.3,44.4,44.1,"total: 44.3 years
male: 44.4 years
female: 44.1 years (2017 est.)",44.3,44.4,44.1
Angola,"12 30 S, 18 30 E",-12.5,18.5,"29,310,273 (July 2017 est.)
note: Angola's national statistical agency projects the country's 2017 population to be 28.4 million",29310273,"total: 15.9 years
male: 15.4 years
female: 16.3 years (2017 est.)",15.9,15.4,16.3,"total: 15.9 years
male: 15.4 years
female: 16.3 years (2017 est.)",15.9,15.4,16.3
Anguilla,"18 15 N, 63 10 W",18.25,-63.166666666666664,"17,087 (July 2017 est.)",17087,"total: 34.8 years
male: 32.9 years
female: 36.7 years (2017 est.)",34.8,32.9,36.7,"total: 34.8 years
male: 32.9 years
female: 36.7 years (2017 est.)",34.8,32.9,36.7
Antigua and Barbuda,"17 03 N, 61 48 W",17.05,-61.8,"94,731 (July 2017 est.)",94731,"total: 31.9 years
male: 30 years
female: 33.5 years (2017 est.)",31.9,30.0,33.5,"total: 31.9 years
male: 30 years
female: 33.5 years (2017 est.)",31.9,30.0,33.5
Argentina,"34 00 S, 64 00 W",-34.0,-64.0,"44,293,293 (July 2017 est.)",44293293,"total: 31.7 years
male: 30.5 years
female: 32.9 years (2017 est.)",31.7,30.5,32.9,"total: 31.7 years
male: 30.5 years
female: 32.9 years (2017 est.)",31.7,30.5,32.9
Armenia,"40 00 N, 45 00 E",40.0,45.0,"3,045,191 (July 2017 est.)",3045191,"total: 35.1 years
male: 33.3 years
female: 36.9 years (2017 est.)",35.1,33.3,36.9,"total: 35.1 years
male: 33.3 years
female: 36.9 years (2017 est.)",35.1,33.3,36.9
Aruba,"12 30 N, 69 58 W",12.5,-69.96666666666667,"115,120 (July 2017 est.)",115120,"total: 39.3 years
male: 37.5 years
female: 41.1 years (2017 est.)",39.3,37.5,41.1,"total: 39.3 years
male: 37.5 years
female: 41.1 years (2017 est.)",39.3,37.5,41.1
Australia,"27 00 S, 133 00 E",-27.0,133.0,"23,232,413 (July 2017 est.)",23232413,"total: 38.7 years
male: 37.9 years
female: 39.5 years (2017 est.)",38.7,37.9,39.5,"total: 38.7 years
male: 37.9 years
female: 39.5 years (2017 est.)",38.7,37.9,39.5
Austria,"47 20 N, 13 20 E",47.333333333333336,13.333333333333334,"8,754,413 (July 2017 est.)",8754413,"total: 44 years
male: 42.8 years
female: 45.1 years (2017 est.)",44.0,42.8,45.1,"total: 44 years
male: 42.8 years
female: 45.1 years (2017 est.)",44.0,42.8,45.1
Azerbaijan,"40 30 N, 47 30 E",40.5,47.5,"9,961,396 (July 2017 est.)",9961396,"total: 31.3 years
male: 29.8 years
female: 33 years (2017 est.)",31.3,29.8,33.0,"total: 31.3 years
male: 29.8 years
female: 33 years (2017 est.)",31.3,29.8,33.0
"Bahamas, The","24 15 N, 76 00 W",24.25,-76.0,"329,988
note: estimates for this country explicitly take into account the effects of excess mortality due to AIDS; this can result in lower life expectancy, higher infant mortality, higher death rates, lower population growth rates, and changes in the distribution of population by age and sex than would otherwise be expected (July 2017 est.)",329988,"total: 32 years
male: 30.9 years
female: 33.2 years (2017 est.)",32.0,30.9,33.2,"total: 32 years
male: 30.9 years
female: 33.2 years (2017 est.)",32.0,30.9,33.2
Bahrain,"26 00 N, 50 33 E",26.0,50.55,"1,410,942 (July 2017 est.)
note: immigrants make up approximately 48% of the total population, according to UN data (2017)",1410942,"total: 32.3 years
male: 33.8 years
female: 29.5 years (2017 est.)",32.3,33.8,29.5,"total: 32.3 years
male: 33.8 years
female: 29.5 years (2017 est.)",32.3,33.8,29.5
Bangladesh,"24 00 N, 90 00 E",24.0,90.0,"157,826,578 (July 2017 est.)",157826578,"total: 26.7 years
male: 26 years
female: 27.3 years (2017 est.)",26.7,26.0,27.3,"total: 26.7 years
male: 26 years
female: 27.3 years (2017 est.)",26.7,26.0,27.3
Barbados,"13 10 N, 59 32 W",13.166666666666666,-59.53333333333333,"292,336 (July 2017 est.)",292336,"total: 38.6 years
male: 37.5 years
female: 39.8 years (2017 est.)",38.6,37.5,39.8,"total: 38.6 years
male: 37.5 years
female: 39.8 years (2017 est.)",38.6,37.5,39.8
Belarus,"53 00 N, 28 00 E",53.0,28.0,"9,549,747 (July 2017 est.)",9549747,"total: 40 years
male: 37.1 years
female: 43.1 years (2017 est.)",40.0,37.1,43.1,"total: 40 years
male: 37.1 years
female: 43.1 years (2017 est.)",40.0,37.1,43.1
Belgium,"50 50 N, 4 00 E",50.833333333333336,4.0,"11,491,346 (July 2017 est.)",11491346,"total: 41.4 years
male: 40.2 years
female: 42.7 years (2017 est.)",41.4,40.2,42.7,"total: 41.4 years
male: 40.2 years
female: 42.7 years (2017 est.)",41.4,40.2,42.7
Belize,"17 15 N, 88 45 W",17.25,-88.75,"360,346 (July 2017 est.)",360346,"total: 22.7 years
male: 22.5 years
female: 22.9 years (2017 est.)",22.7,22.5,22.9,"total: 22.7 years
male: 22.5 years
female: 22.9 years (2017 est.)",22.7,22.5,22.9
Benin,"9 30 N, 2 15 E",9.5,2.25,"11,038,805
note: estimates for this country explicitly take into account the effects of excess mortality due to AIDS; this can result in lower life expectancy, higher infant mortality, higher death rates, lower population growth rates, and changes in the distribution of population by age and sex than would otherwise be expected (July 2017 est.)",11038805,"total: 18.2 years
male: 17.9 years
female: 18.6 years (2017 est.)",18.2,17.9,18.6,"total: 18.2 years
male: 17.9 years
female: 18.6 years (2017 est.)",18.2,17.9,18.6
Bermuda,"32 20 N, 64 45 W",32.333333333333336,-64.75,"70,864 (July 2017 est.)",70864,"total: 43.4 years
male: 41.5 years
female: 45.3 years (2017 est.)",43.4,41.5,45.3,"total: 43.4 years
male: 41.5 years
female: 45.3 years (2017 est.)",43.4,41.5,45.3
Bhutan,"27 30 N, 90 30 E",27.5,90.5,"758,288 (July 2017 est.)",758288,"total: 27.6 years
male: 28.2 years
female: 27.1 years (2017 est.)",27.6,28.2,27.1,"total: 27.6 years
male: 28.2 years
female: 27.1 years (2017 est.)",27.6,28.2,27.1
Bolivia,"17 00 S, 65 00 W",-17.0,-65.0,"11,138,234 (July 2017 est.)",11138234,"total: 24.3 years
male: 23.6 years
female: 25 years (2017 est.)",24.3,23.6,25.0,"total: 24.3 years
male: 23.6 years
female: 25 years (2017 est.)",24.3,23.6,25.0
Bosnia and Herzegovina,"44 00 N, 18 00 E",44.0,18.0,"3,856,181 (July 2017 est.)",3856181,"total: 42.1 years
male: 40.5 years
female: 43.5 years (2017 est.)",42.1,40.5,43.5,"total: 42.1 years
male: 40.5 years
female: 43.5 years (2017 est.)",42.1,40.5,43.5
Botswana,"22 00 S, 24 00 E",-22.0,24.0,"2,214,858
note: estimates for this country explicitly take into account the effects of excess mortality due to AIDS; this can result in lower life expectancy, higher infant mortality, higher death rates, lower population growth rates, and changes in the distribution of population by age and sex than would otherwise be expected (July 2017 est.)",2214858,"total: 24.5 years
male: 23.5 years
female: 25.6 years (2017 est.)",24.5,23.5,25.6,"total: 24.5 years
male: 23.5 years
female: 25.6 years (2017 est.)",24.5,23.5,25.6
Brazil,"10 00 S, 55 00 W",-10.0,-55.0,"207,353,391 (July 2017 est.)",207353391,"total: 32 years
male: 31.1 years
female: 32.8 years (2017 est.)",32.0,31.1,32.8,"total: 32 years
male: 31.1 years
female: 32.8 years (2017 est.)",32.0,31.1,32.8
British Virgin Islands,"18 30 N, 64 30 W",18.5,-64.5,"35,015 (July 2017 est.)",35015,"total: 36.5 years
male: 36.3 years
female: 36.6 years (2017 est.)",36.5,36.3,36.6,"total: 36.5 years
male: 36.3 years
female: 36.6 years (2017 est.)",36.5,36.3,36.6
Brunei,"4 30 N, 114 40 E",4.5,114.66666666666667,"443,593 (July 2017 est.)",443593,"total: 30.2 years
male: 29.7 years
female: 30.7 years (2017 est.)",30.2,29.7,30.7,"total: 30.2 years
male: 29.7 years
female: 30.7 years (2017 est.)",30.2,29.7,30.7
Bulgaria,"43 00 N, 25 00 E",43.0,25.0,"7,101,510 (July 2017 est.)",7101510,"total: 42.7 years
male: 40.9 years
female: 44.7 years (2017 est.)",42.7,40.9,44.7,"total: 42.7 years
male: 40.9 years
female: 44.7 years (2017 est.)",42.7,40.9,44.7
Burkina Faso,"13 00 N, 2 00 W",13.0,-2.0,"20,107,509
note: estimates for this country explicitly take into account the effects of excess mortality due to AIDS; this can result in lower life expectancy, higher infant mortality, higher death rates, lower population growth rates, and changes in the distribution of population by age and sex than would otherwise be expected (July 2017 est.)",20107509,"total: 17.3 years
male: 17.1 years
female: 17.4 years (2017 est.)",17.3,17.1,17.4,"total: 17.3 years
male: 17.1 years
female: 17.4 years (2017 est.)",17.3,17.1,17.4
Burma,"22 00 N, 98 00 E",22.0,98.0,"55,123,814
note: estimates for this country take into account the effects of excess mortality due to AIDS; this can result in lower life expectancy, higher infant mortality, higher death rates, lower population growth rates, and changes in the distribution of population by age and sex than would otherwise be expected (July 2017 est.)",55123814,"total: 28.2 years
male: 27.4 years
female: 29 years (2017 est.)",28.2,27.4,29.0,"total: 28.2 years
male: 27.4 years
female: 29 years (2017 est.)",28.2,27.4,29.0
Burundi,"3 30 S, 30 00 E",-3.5,30.0,"11,466,756
note: estimates for this country explicitly take into account the effects of excess mortality due to AIDS; this can result in lower life expectancy, higher infant mortality, higher death rates, lower population growth rates, and changes in the distribution of population by age and sex than would otherwise be expected (July 2017 est.)",11466756,"total: 17 years
male: 16.8 years
female: 17.3 years (2017 est.)",17.0,16.8,17.3,"total: 17 years
male: 16.8 years
female: 17.3 years (2017 est.)",17.0,16.8,17.3
Cabo Verde,"16 00 N, 24 00 W",16.0,-24.0,"560,899 (July 2017 est.)",560899,"total: 25.4 years
male: 24.6 years
female: 26.2 years (2017 est.)",25.4,24.6,26.2,"total: 25.4 years
male: 24.6 years
female: 26.2 years (2017 est.)",25.4,24.6,26.2
Cambodia,"13 00 N, 105 00 E",13.0,105.0,"16,204,486
note: estimates for this country take into account the effects of excess mortality due to AIDS; this can result in lower life expectancy, higher infant mortality, higher death rates, lower population growth rates, and changes in the distribution of population by age and sex than would otherwise be expected (July 2017 est.)",16204486,"total: 25.3 years
male: 24.6 years
female: 26 years (2017 est.)",25.3,24.6,26.0,"total: 25.3 years
male: 24.6 years
female: 26 years (2017 est.)",25.3,24.6,26.0
Cameroon,"6 00 N, 12 00 E",6.0,12.0,"24,994,885
note: estimates for this country explicitly take into account the effects of excess mortality due to AIDS; this can result in lower life expectancy, higher infant mortality, higher death rates, lower population growth rates, and changes in the distribution of population by age and sex than would otherwise be expected (July 2017 est.)",24994885,"total: 18.5 years
male: 18.4 years
female: 18.7 years (2017 est.)",18.5,18.4,18.7,"total: 18.5 years
male: 18.4 years
female: 18.7 years (2017 est.)",18.5,18.4,18.7
Canada,"60 00 N, 95 00 W",60.0,-95.0,"35,623,680 (July 2017 est.)",35623680,"total: 42.2 years
male: 40.9 years
female: 43.5 years (2017 est.)",42.2,40.9,43.5,"total: 42.2 years
male: 40.9 years
female: 43.5 years (2017 est.)",42.2,40.9,43.5
Cayman Islands,"19 30 N, 80 30 W",19.5,-80.5,"58,441
note: most of the population lives on Grand Cayman (July 2017 est.)",58441,"total: 40 years
male: 39.3 years
female: 40.7 years (2017 est.)",40.0,39.3,40.7,"total: 40 years
male: 39.3 years
female: 40.7 years (2017 est.)",40.0,39.3,40.7
Central African Republic,"7 00 N, 21 00 E",7.0,21.0,"5,625,118
note: estimates for this country explicitly take into account the effects of excess mortality due to AIDS; this can result in lower life expectancy, higher infant mortality, higher death rates, lower population growth rates, and changes in the distribution of population by age and sex than would otherwise be expected (July 2017 est.)",5625118,"total: 19.7 years
male: 19.4 years
female: 20 years (2017 est.)",19.7,19.4,20.0,"total: 19.7 years
male: 19.4 years
female: 20 years (2017 est.)",19.7,19.4,20.0
Chad,"15 00 N, 19 00 E",15.0,19.0,"12,075,985 (July 2017 est.)",12075985,"total: 17.8 years
male: 16.8 years
female: 18.8 years (2017 est.)",17.8,16.8,18.8,"total: 17.8 years
male: 16.8 years
female: 18.8 years (2017 est.)",17.8,16.8,18.8
Chile,"30 00 S, 71 00 W",-30.0,-71.0,"17,789,267 (July 2017 est.)",17789267,"total: 34.4 years
male: 33.2 years
female: 35.6 years (2017 est.)",34.4,33.2,35.6,"total: 34.4 years
male: 33.2 years
female: 35.6 years (2017 est.)",34.4,33.2,35.6
China,"35 00 N, 105 00 E",35.0,105.0,"1,379,302,771 (July 2017 est.)",1379302771,"total: 37.4 years
male: 36.5 years
female: 38.4 years (2017 est.)",37.4,36.5,38.4,"total: 37.4 years
male: 36.5 years
female: 38.4 years (2017 est.)",37.4,36.5,38.4
Colombia,"4 00 N, 72 00 W",4.0,-72.0,"47,698,524 (July 2017 est.)",47698524,"total: 30 years
male: 29 years
female: 31 years (2017 est.)",30.0,29.0,31.0,"total: 30 years
male: 29 years
female: 31 years (2017 est.)",30.0,29.0,31.0
Comoros,"12 10 S, 44 15 E",-12.166666666666666,44.25,"808,080 (July 2017 est.)",808080,"total: 19.9 years
male: 19.2 years
female: 20.5 years (2017 est.)",19.9,19.2,20.5,"total: 19.9 years
male: 19.2 years
female: 20.5 years (2017 est.)",19.9,19.2,20.5
"Congo, Democratic Republic of the","0 00 N, 25 00 E",0.0,25.0,"83,301,151
note: estimates for this country explicitly take into account the effects of excess mortality due to AIDS; this can result in lower life expectancy, higher infant mortality, higher death rates, lower population growth rates, and changes in the distribution of population by age and sex than would otherwise be expected (July 2017 est.)",83301151,"total: 18.6 years
male: 18.3 years
female: 18.8 years (2017 est.)",18.6,18.3,18.8,"total: 18.6 years
male: 18.3 years
female: 18.8 years (2017 est.)",18.6,18.3,18.8
"Congo, Republic of the","1 00 S, 15 00 E",-1.0,15.0,"4,954,674
note: estimates for this country explicitly take into account the effects of excess mortality due to AIDS; this can result in lower life expectancy, higher infant mortality, higher death rates, lower population growth rates, and changes in the distribution of population by age and sex than would otherwise be expected (July 2017 est.)",4954674,"total: 19.7 years
male: 19.5 years
female: 19.8 years (2017 est.)",19.7,19.5,19.8,"total: 19.7 years
male: 19.5 years
female: 19.8 years (2017 est.)",19.7,19.5,19.8
Cook Islands,"21 14 S, 159 46 W",-21.233333333333334,-159.76666666666668,"9,290 (July 2017 est.)
note: the Cook Islands' Ministry of Finance & Economic Management estimated the resident population to have been 11,700 in September 2016",9290,"total: 36.6 years
male: 36 years
female: 37 years (2017 est.)",36.6,36.0,37.0,"total: 36.6 years
male: 36 years
female: 37 years (2017 est.)",36.6,36.0,37.0
Costa Rica,"10 00 N, 84 00 W",10.0,-84.0,"4,930,258 (July 2017 est.)",4930258,"total: 31.3 years
male: 30.8 years
female: 31.8 years (2017 est.)",31.3,30.8,31.8,"total: 31.3 years
male: 30.8 years
female: 31.8 years (2017 est.)",31.3,30.8,31.8
Cote d'Ivoire,"8 00 N, 5 00 W",8.0,-5.0,"24,184,810
note: estimates for this country explicitly take into account the effects of excess mortality due to AIDS; this can result in lower life expectancy, higher infant mortality, higher death rates, lower population growth rates, and changes in the distribution of population by age and sex than would otherwise be expected (July 2017 est.)",24184810,"total: 20.9 years
male: 21 years
female: 20.9 years (2017 est.)",20.9,21.0,20.9,"total: 20.9 years
male: 21 years
female: 20.9 years (2017 est.)",20.9,21.0,20.9
Croatia,"45 10 N, 15 30 E",45.166666666666664,15.5,"4,292,095 (July 2017 est.)",4292095,"total: 43 years
male: 41.1 years
female: 45 years (2017 est.)",43.0,41.1,45.0,"total: 43 years
male: 41.1 years
female: 45 years (2017 est.)",43.0,41.1,45.0
Cuba,"21 30 N, 80 00 W",21.5,-80.0,"11,147,407 (July 2017 est.)",11147407,"total: 41.5 years
male: 40.1 years
female: 42.6 years (2017 est.)",41.5,40.1,42.6,"total: 41.5 years
male: 40.1 years
female: 42.6 years (2017 est.)",41.5,40.1,42.6
Curacao,"12 10 N, 69 00 W",12.166666666666666,-69.0,"149,648 (July 2017 est.)",149648,"total: 36.1 years
male: 33.5 years
female: 39.7 years (2017 est.)",36.1,33.5,39.7,"total: 36.1 years
male: 33.5 years
female: 39.7 years (2017 est.)",36.1,33.5,39.7
Cyprus,"35 00 N, 33 00 E",35.0,33.0,"1,221,549 (July 2017 est.)",1221549,"total: 36.8 years
male: 35.5 years
female: 38.3 years (2017 est.)",36.8,35.5,38.3,"total: 36.8 years
male: 35.5 years
female: 38.3 years (2017 est.)",36.8,35.5,38.3
Czechia,"49 45 N, 15 30 E",49.75,15.5,"10,674,723 (July 2017 est.)",10674723,"total: 42.1 years
male: 40.8 years
female: 43.4 years (2017 est.)",42.1,40.8,43.4,"total: 42.1 years
male: 40.8 years
female: 43.4 years (2017 est.)",42.1,40.8,43.4
Denmark,"56 00 N, 10 00 E",56.0,10.0,"5,605,948 (July 2017 est.)",5605948,"total: 42.2 years
male: 41.2 years
female: 43.2 years (2017 est.)",42.2,41.2,43.2,"total: 42.2 years
male: 41.2 years
female: 43.2 years (2017 est.)",42.2,41.2,43.2
Djibouti,"11 30 N, 43 00 E",11.5,43.0,"865,267 (July 2017 est.)",865267,"total: 23.9 years
male: 22.1 years
female: 25.3 years (2017 est.)",23.9,22.1,25.3,"total: 23.9 years
male: 22.1 years
female: 25.3 years (2017 est.)",23.9,22.1,25.3
Dominica,"15 25 N, 61 20 W",15.416666666666666,-61.333333333333336,"73,897 (July 2017 est.)",73897,"total: 33.5 years
male: 33 years
female: 34 years (2017 est.)",33.5,33.0,34.0,"total: 33.5 years
male: 33 years
female: 34 years (2017 est.)",33.5,33.0,34.0
Dominican Republic,"19 00 N, 70 40 W",19.0,-70.66666666666667,"10,734,247 (July 2017 est.)",10734247,"total: 28.1 years
male: 27.9 years
female: 28.3 years (2017 est.)",28.1,27.9,28.3,"total: 28.1 years
male: 27.9 years
female: 28.3 years (2017 est.)",28.1,27.9,28.3
Ecuador,"2 00 S, 77 30 W",-2.0,-77.5,"16,290,913 (July 2017 est.)",16290913,"total: 27.7 years
male: 27 years
female: 28.4 years (2017 est.)",27.7,27.0,28.4,"total: 27.7 years
male: 27 years
female: 28.4 years (2017 est.)",27.7,27.0,28.4
Egypt,"27 00 N, 30 00 E",27.0,30.0,"97,041,072 (July 2017 est.)",97041072,"total: 23.9 years
male: 23.6 years
female: 24.2 years (2017 est.)",23.9,23.6,24.2,"total: 23.9 years
male: 23.6 years
female: 24.2 years (2017 est.)",23.9,23.6,24.2
El Salvador,"13 50 N, 88 55 W",13.833333333333334,-88.91666666666667,"6,172,011 (July 2017 est.)",6172011,"total: 27.1 years
male: 25.6 years
female: 28.6 years (2017 est.)",27.1,25.6,28.6,"total: 27.1 years
male: 25.6 years
female: 28.6 years (2017 est.)",27.1,25.6,28.6
Equatorial Guinea,"2 00 N, 10 00 E",2.0,10.0,"778,358 (July 2017 est.)",778358,"total: 19.8 years
male: 19.3 years
female: 20.3 years (2017 est.)",19.8,19.3,20.3,"total: 19.8 years
male: 19.3 years
female: 20.3 years (2017 est.)",19.8,19.3,20.3
Eritrea,"15 00 N, 39 00 E",15.0,39.0,"5,918,919 (July 2017 est.)",5918919,"total: 19.7 years
male: 19.2 years
female: 20.1 years (2017 est.)",19.7,19.2,20.1,"total: 19.7 years
male: 19.2 years
female: 20.1 years (2017 est.)",19.7,19.2,20.1
Estonia,"59 00 N, 26 00 E",59.0,26.0,"1,251,581 (July 2017 est.)",1251581,"total: 42.7 years
male: 39.4 years
female: 46.1 years (2017 est.)",42.7,39.4,46.1,"total: 42.7 years
male: 39.4 years
female: 46.1 years (2017 est.)",42.7,39.4,46.1
Ethiopia,"8 00 N, 38 00 E",8.0,38.0,"105,350,020
note: estimates for this country explicitly take into account the effects of excess mortality due to AIDS; this can result in lower life expectancy, higher infant mortality, higher death rates, lower population growth rates, and changes in the distribution of population by age and sex than would otherwise be expected (July 2017 est.)",105350020,"total: 17.9 years
male: 17.7 years
female: 18.1 years (2017 est.)",17.9,17.7,18.1,"total: 17.9 years
male: 17.7 years
female: 18.1 years (2017 est.)",17.9,17.7,18.1
Faroe Islands,"62 00 N, 7 00 W",62.0,-7.0,"50,730 (July 2017 est.)",50730,"total: 37.6 years
male: 37.1 years
female: 38.3 years (2017 est.)",37.6,37.1,38.3,"total: 37.6 years
male: 37.1 years
female: 38.3 years (2017 est.)",37.6,37.1,38.3
Fiji,"18 00 S, 175 00 E",-18.0,175.0,"920,938 (July 2017 est.)",920938,"total: 28.9 years
male: 28.7 years
female: 29.1 years (2017 est.)",28.9,28.7,29.1,"total: 28.9 years
male: 28.7 years
female: 29.1 years (2017 est.)",28.9,28.7,29.1
Finland,"64 00 N, 26 00 E",64.0,26.0,"5,518,371 (July 2017 est.)",5518371,"total: 42.5 years
male: 40.9 years
female: 44.3 years (2017 est.)",42.5,40.9,44.3,"total: 42.5 years
male: 40.9 years
female: 44.3 years (2017 est.)",42.5,40.9,44.3
France,"metropolitan France: 46 00 N, 2 00 E
French Guiana: 4 00 N, 53 00 W
Guadeloupe: 16 15 N, 61 35 W
Martinique: 14 40 N, 61 00 W
Mayotte: 12 50 S, 45 10 E
Reunion: 21 06 S, 55 36 E",46.0,2.0,"67,106,161
note: the above figure is for metropolitan France and five overseas regions; the metropolitan France population is 62,814,233 (July 2017 est.)",67106161,"total: 41.4 years
male: 39.6 years
female: 43.1 years (2017 est.)",41.4,39.6,43.1,"total: 41.4 years
male: 39.6 years
female: 43.1 years (2017 est.)",41.4,39.6,43.1
French Polynesia,"15 00 S, 140 00 W",-15.0,-140.0,"287,881 (July 2017 est.)",287881,"total: 31.9 years
male: 31.7 years
female: 32.1 years (2017 est.)",31.9,31.7,32.1,"total: 31.9 years
male: 31.7 years
female: 32.1 years (2017 est.)",31.9,31.7,32.1
Gabon,"1 00 S, 11 45 E",-1.0,11.75,"1,772,255
note: estimates for this country explicitly take into account the effects of excess mortality due to AIDS; this can result in lower life expectancy, higher infant mortality, higher death rates, lower population growth rates, and changes in the distribution of population by age and sex than would otherwise be expected (July 2017 est.)",1772255,"total: 18.6 years
male: 18.4 years
female: 18.8 years (2017 est.)",18.6,18.4,18.8,"total: 18.6 years
male: 18.4 years
female: 18.8 years (2017 est.)",18.6,18.4,18.8
"Gambia, The","13 28 N, 16 34 W",13.466666666666667,-16.566666666666666,"2,051,363 (July 2017 est.)",2051363,"total: 21 years
male: 20.7 years
female: 21.3 years (2017 est.)",21.0,20.7,21.3,"total: 21 years
male: 20.7 years
female: 21.3 years (2017 est.)",21.0,20.7,21.3
Gaza Strip,"31 25 N, 34 20 E",31.416666666666668,34.333333333333336,"1,795,183 (July 2017 est.)",1795183,"total: 17.2 years
male: 16.8 years
female: 17.5 years (2017 est.)",17.2,16.8,17.5,"total: 17.2 years
male: 16.8 years
female: 17.5 years (2017 est.)",17.2,16.8,17.5
Georgia,"42 00 N, 43 30 E",42.0,43.5,"4,926,330 (July 2017 est.)",4926330,"total: 38.1 years
male: 35.3 years
female: 40.9 years (2017 est.)",38.1,35.3,40.9,"total: 38.1 years
male: 35.3 years
female: 40.9 years (2017 est.)",38.1,35.3,40.9
Germany,"51 00 N, 9 00 E",51.0,9.0,"80,594,017 (July 2017 est.)",80594017,"total: 47.1 years
male: 46 years
female: 48.2 years (2017 est.)",47.1,46.0,48.2,"total: 47.1 years
male: 46 years
female: 48.2 years (2017 est.)",47.1,46.0,48.2
Ghana,"8 00 N, 2 00 W",8.0,-2.0,"27,499,924
note: estimates for this country explicitly take into account the effects of excess mortality due to AIDS; this can result in lower life expectancy, higher infant mortality, higher death rates, lower population growth rates, and changes in the distribution of population by age and sex than would otherwise be expected (July 2017 est.)",27499924,"total: 21.1 years
male: 20.6 years
female: 21.6 years (2017 est.)",21.1,20.6,21.6,"total: 21.1 years
male: 20.6 years
female: 21.6 years (2017 est.)",21.1,20.6,21.6
Gibraltar,"36 08 N, 5 21 W",36.13333333333333,-5.35,"29,396 (July 2017 est.)",29396,"total: 34.7 years
male: 33.8 years
female: 35.7 years (2017 est.)",34.7,33.8,35.7,"total: 34.7 years
male: 33.8 years
female: 35.7 years (2017 est.)",34.7,33.8,35.7
Greece,"39 00 N, 22 00 E",39.0,22.0,"10,768,477 (July 2017 est.)",10768477,"total: 44.5 years
male: 43.5 years
female: 45.6 years (2017 est.)",44.5,43.5,45.6,"total: 44.5 years
male: 43.5 years
female: 45.6 years (2017 est.)",44.5,43.5,45.6
Greenland,"72 00 N, 40 00 W",72.0,-40.0,"57,713 (July 2017 est.)",57713,"total: 33.9 years
male: 35 years
female: 32.7 years (2017 est.)",33.9,35.0,32.7,"total: 33.9 years
male: 35 years
female: 32.7 years (2017 est.)",33.9,35.0,32.7
Grenada,"12 07 N, 61 40 W",12.116666666666667,-61.666666666666664,"111,724 (July 2017 est.)",111724,"total: 31.5 years
male: 31.5 years
female: 31.6 years (2017 est.)",31.5,31.5,31.6,"total: 31.5 years
male: 31.5 years
female: 31.6 years (2017 est.)",31.5,31.5,31.6
Guam,"13 28 N, 144 47 E",13.466666666666667,144.78333333333333,"167,358 (July 2017 est.)",167358,"total: 29 years
male: 28.3 years
female: 29.7 years (2017 est.)",29.0,28.3,29.7,"total: 29 years
male: 28.3 years
female: 29.7 years (2017 est.)",29.0,28.3,29.7
Guatemala,"15 30 N, 90 15 W",15.5,-90.25,"15,460,732 (July 2017 est.)",15460732,"total: 22.1 years
male: 21.4 years
female: 22.8 years (2017 est.)",22.1,21.4,22.8,"total: 22.1 years
male: 21.4 years
female: 22.8 years (2017 est.)",22.1,21.4,22.8
Guernsey,"49 28 N, 2 35 W",49.46666666666667,-2.5833333333333335,"66,502 (July 2017 est.)",66502,"total: 43.8 years
male: 42.5 years
female: 45.1 years (2017 est.)",43.8,42.5,45.1,"total: 43.8 years
male: 42.5 years
female: 45.1 years (2017 est.)",43.8,42.5,45.1
Guinea,"11 00 N, 10 00 W",11.0,-10.0,"12,413,867 (July 2017 est.)",12413867,"total: 18.9 years
male: 18.7 years
female: 19.1 years (2017 est.)",18.9,18.7,19.1,"total: 18.9 years
male: 18.7 years
female: 19.1 years (2017 est.)",18.9,18.7,19.1
Guinea-Bissau,"12 00 N, 15 00 W",12.0,-15.0,"1,792,338 (July 2017 est.)",1792338,"total: 20.1 years
male: 19.7 years
female: 20.6 years (2017 est.)",20.1,19.7,20.6,"total: 20.1 years
male: 19.7 years
female: 20.6 years (2017 est.)",20.1,19.7,20.6
Guyana,"5 00 N, 59 00 W",5.0,-59.0,"737,718
note: estimates for this country explicitly take into account the effects of excess mortality due to AIDS; this can result in lower life expectancy, higher infant mortality, higher death rates, lower population growth rates, and changes in the distribution of population by age and sex than would otherwise be expected (July 2017 est.)",737718,"total: 26.2 years
male: 25.9 years
female: 26.6 years (2017 est.)",26.2,25.9,26.6,"total: 26.2 years
male: 25.9 years
female: 26.6 years (2017 est.)",26.2,25.9,26.6
Haiti,"19 00 N, 72 25 W",19.0,-72.41666666666667,"10,646,714
note: estimates for this country explicitly take into account the effects of excess mortality due to AIDS; this can result in lower life expectancy, higher infant mortality, higher death rates, lower population growth rates, and changes in the distribution of population by age and sex than would otherwise be expected (July 2017 est.)",10646714,"total: 23 years
male: 22.7 years
female: 23.2 years (2017 est.)",23.0,22.7,23.2,"total: 23 years
male: 22.7 years
female: 23.2 years (2017 est.)",23.0,22.7,23.2
Honduras,"15 00 N, 86 30 W",15.0,-86.5,"9,038,741
note: estimates for this country explicitly take into account the effects of excess mortality due to AIDS; this can result in lower life expectancy, higher infant mortality, higher death rates, lower population growth rates, and changes in the distribution of population by age and sex than would otherwise be expected (July 2017 est.)",9038741,"total: 23 years
male: 22.6 years
female: 23.3 years (2017 est.)",23.0,22.6,23.3,"total: 23 years
male: 22.6 years
female: 23.3 years (2017 est.)",23.0,22.6,23.3
Hong Kong,"22 15 N, 114 10 E",22.25,114.16666666666667,"7,191,503 (July 2017 est.)",7191503,"total: 44.4 years
male: 43.5 years
female: 45 years (2017 est.)",44.4,43.5,45.0,"total: 44.4 years
male: 43.5 years
female: 45 years (2017 est.)",44.4,43.5,45.0
Hungary,"47 00 N, 20 00 E",47.0,20.0,"9,850,845 (July 2017 est.)",9850845,"total: 42.3 years
male: 40.4 years
female: 44.3 years (2017 est.)",42.3,40.4,44.3,"total: 42.3 years
male: 40.4 years
female: 44.3 years (2017 est.)",42.3,40.4,44.3
Iceland,"65 00 N, 18 00 W",65.0,-18.0,"339,747 (July 2017 est.)",339747,"total: 36.5 years
male: 35.9 years
female: 37.1 years (2017 est.)",36.5,35.9,37.1,"total: 36.5 years
male: 35.9 years
female: 37.1 years (2017 est.)",36.5,35.9,37.1
India,"20 00 N, 77 00 E",20.0,77.0,"1,281,935,911 (July 2017 est.)",1281935911,"total: 27.9 years
male: 27.2 years
female: 28.6 years (2017 est.)",27.9,27.2,28.6,"total: 27.9 years
male: 27.2 years
female: 28.6 years (2017 est.)",27.9,27.2,28.6
Indonesia,"5 00 S, 120 00 E",-5.0,120.0,"260,580,739 (July 2017 est.)",260580739,"total: 30.2 years
male: 29.6 years
female: 30.8 years (2017 est.)",30.2,29.6,30.8,"total: 30.2 years
male: 29.6 years
female: 30.8 years (2017 est.)",30.2,29.6,30.8
Iran,"32 00 N, 53 00 E",32.0,53.0,"82,021,564 (July 2017 est.)",82021564,"total: 30.3 years
male: 30 years
female: 30.5 years (2017 est.)",30.3,30.0,30.5,"total: 30.3 years
male: 30 years
female: 30.5 years (2017 est.)",30.3,30.0,30.5
Iraq,"33 00 N, 44 00 E",33.0,44.0,"39,192,111 (July 2017 est.)",39192111,"total: 20 years
male: 19.8 years
female: 20.3 years (2017 est.)",20.0,19.8,20.3,"total: 20 years
male: 19.8 years
female: 20.3 years (2017 est.)",20.0,19.8,20.3
Ireland,"53 00 N, 8 00 W",53.0,-8.0,"5,011,102 (July 2017 est.)",5011102,"total: 36.8 years
male: 36.4 years
female: 37.1 years (2017 est.)",36.8,36.4,37.1,"total: 36.8 years
male: 36.4 years
female: 37.1 years (2017 est.)",36.8,36.4,37.1
Isle of Man,"54 15 N, 4 30 W",54.25,-4.5,"88,815 (July 2017 est.)",88815,"total: 44.2 years
male: 43.3 years
female: 44.9 years (2017 est.)",44.2,43.3,44.9,"total: 44.2 years
male: 43.3 years
female: 44.9 years (2017 est.)",44.2,43.3,44.9
Israel,"31 30 N, 34 45 E",31.5,34.75,"8,299,706 (July 2017 est.) (includes populations of the Golan Heights of Golan Sub-District and also East Jerusalem, which was annexed by Israel after 1967)
note: approximately 22,000 Israeli settlers live in the Golan Heights (2016); approximately 201,000 Israeli settlers live in East Jerusalem (2014)",8299706,"total: 29.9 years
male: 29.3 years
female: 30.6 years (2017 est.)",29.9,29.3,30.6,"total: 29.9 years
male: 29.3 years
female: 30.6 years (2017 est.)",29.9,29.3,30.6
Italy,"42 50 N, 12 50 E",42.833333333333336,12.833333333333334,"62,137,802 (July 2017 est.)",62137802,"total: 45.5 years
male: 44.4 years
female: 46.5 years (2017 est.)",45.5,44.4,46.5,"total: 45.5 years
male: 44.4 years
female: 46.5 years (2017 est.)",45.5,44.4,46.5
Jamaica,"18 15 N, 77 30 W",18.25,-77.5,"2,990,561 (July 2017 est.)",2990561,"total: 26 years
male: 25.5 years
female: 26.5 years (2017 est.)",26.0,25.5,26.5,"total: 26 years
male: 25.5 years
female: 26.5 years (2017 est.)",26.0,25.5,26.5
Japan,"36 00 N, 138 00 E",36.0,138.0,"126,451,398 (July 2017 est.)",126451398,"total: 47.3 years
male: 46 years
female: 48.7 years (2017 est.)",47.3,46.0,48.7,"total: 47.3 years
male: 46 years
female: 48.7 years (2017 est.)",47.3,46.0,48.7
Jersey,"49 15 N, 2 10 W",49.25,-2.1666666666666665,"98,840 (July 2017 est.)",98840,"total: 38 years
male: 36 years
female: 40.7 years (2017 est.)",38.0,36.0,40.7,"total: 38 years
male: 36 years
female: 40.7 years (2017 est.)",38.0,36.0,40.7
Jordan,"31 00 N, 36 00 E",31.0,36.0,"10,248,069
note: increased estimate reflects revised assumptions about the net migration rate due to the increased flow of Syrian refugees (July 2017 est.)",10248069,"total: 22.5 years
male: 22.9 years
female: 22 years (2017 est.)",22.5,22.9,22.0,"total: 22.5 years
male: 22.9 years
female: 22 years (2017 est.)",22.5,22.9,22.0
Kazakhstan,"48 00 N, 68 00 E",48.0,68.0,"18,556,698 (July 2017 est.)",18556698,"total: 30.6 years
male: 29.3 years
female: 31.9 years (2017 est.)",30.6,29.3,31.9,"total: 30.6 years
male: 29.3 years
female: 31.9 years (2017 est.)",30.6,29.3,31.9
Kenya,"1 00 N, 38 00 E",1.0,38.0,"47,615,739
note: estimates for this country explicitly take into account the effects of excess mortality due to AIDS; this can result in lower life expectancy, higher infant mortality, higher death rates, lower population growth rates, and changes in the distribution of population by age and sex than would otherwise be expected (July 2017 est.)",47615739,"total: 19.7 years
male: 19.6 years
female: 19.9 years (2017 est.)",19.7,19.6,19.9,"total: 19.7 years
male: 19.6 years
female: 19.9 years (2017 est.)",19.7,19.6,19.9
Kiribati,"1 25 N, 173 00 E",1.4166666666666667,173.0,"108,145 (July 2017 est.)",108145,"total: 24.6 years
male: 23.8 years
female: 25.5 years (2017 est.)",24.6,23.8,25.5,"total: 24.6 years
male: 23.8 years
female: 25.5 years (2017 est.)",24.6,23.8,25.5
"Korea, North","40 00 N, 127 00 E",40.0,127.0,"25,248,140 (July 2017 est.)",25248140,"total: 34 years
male: 32.5 years
female: 35.6 years (2017 est.)",34.0,32.5,35.6,"total: 34 years
male: 32.5 years
female: 35.6 years (2017 est.)",34.0,32.5,35.6
"Korea, South","37 00 N, 127 30 E",37.0,127.5,"51,181,299 (July 2017 est.)",51181299,"total: 41.8 years
male: 40.2 years
female: 43.4 years (2017 est.)",41.8,40.2,43.4,"total: 41.8 years
male: 40.2 years
female: 43.4 years (2017 est.)",41.8,40.2,43.4
Kosovo,"42 35 N, 21 00 E",42.583333333333336,21.0,"1,895,250 (July 2017 est.)",1895250,"total: 29.1 years
male: 28.8 years
female: 29.5 years (2017 est.)",29.1,28.8,29.5,"total: 29.1 years
male: 28.8 years
female: 29.5 years (2017 est.)",29.1,28.8,29.5
Kuwait,"29 30 N, 45 45 E",29.5,45.75,"2,875,422 (July 2017 est.)
note: Kuwait's Public Authority for Civil Information estimates the country's total population to be 4,437,590 for 2017, with immigrants accounting for more than 69.5%",2875422,"total: 29.3 years
male: 30.4 years
female: 27.4 years (2017 est.)",29.3,30.4,27.4,"total: 29.3 years
male: 30.4 years
female: 27.4 years (2017 est.)",29.3,30.4,27.4
Kyrgyzstan,"41 00 N, 75 00 E",41.0,75.0,"5,789,122 (July 2017 est.)",5789122,"total: 26.5 years
male: 25.4 years
female: 27.6 years (2017 est.)",26.5,25.4,27.6,"total: 26.5 years
male: 25.4 years
female: 27.6 years (2017 est.)",26.5,25.4,27.6
Laos,"18 00 N, 105 00 E",18.0,105.0,"7,126,706 (July 2017 est.)",7126706,"total: 23 years
male: 22.7 years
female: 23.3 years (2017 est.)",23.0,22.7,23.3,"total: 23 years
male: 22.7 years
female: 23.3 years (2017 est.)",23.0,22.7,23.3
Latvia,"57 00 N, 25 00 E",57.0,25.0,"1,944,643 (July 2017 est.)",1944643,"total: 43.6 years
male: 39.7 years
female: 46.9 years (2017 est.)",43.6,39.7,46.9,"total: 43.6 years
male: 39.7 years
female: 46.9 years (2017 est.)",43.6,39.7,46.9
Lebanon,"33 50 N, 35 50 E",33.833333333333336,35.833333333333336,"6,229,794 (July 2017 est.)",6229794,"total: 30.5 years
male: 29.9 years
female: 31.1 years (2017 est.)",30.5,29.9,31.1,"total: 30.5 years
male: 29.9 years
female: 31.1 years (2017 est.)",30.5,29.9,31.1
Lesotho,"29 30 S, 28 30 E",-29.5,28.5,"1,958,042
note: estimates for this country explicitly take into account the effects of excess mortality due to AIDS; this can result in lower life expectancy, higher infant mortality, higher death rates, lower population growth rates, and changes in the distribution of population by age and sex than would otherwise be expected (July 2017 est.)",1958042,"total: 24.2 years
male: 24.2 years
female: 24.2 years (2017 est.)",24.2,24.2,24.2,"total: 24.2 years
male: 24.2 years
female: 24.2 years (2017 est.)",24.2,24.2,24.2
Liberia,"6 30 N, 9 30 W",6.5,-9.5,"4,689,021 (July 2017 est.)",4689021,"total: 17.8 years
male: 17.5 years
female: 18 years (2017 est.)",17.8,17.5,18.0,"total: 17.8 years
male: 17.5 years
female: 18 years (2017 est.)",17.8,17.5,18.0
Libya,"25 00 N, 17 00 E",25.0,17.0,"6,653,210 (July 2017 est.)
note: immigrants make up just over 12% of the total population, according to UN data (2017)",6653210,"total: 28.9 years
male: 29.1 years
female: 28.7 years (2017 est.)",28.9,29.1,28.7,"total: 28.9 years
male: 29.1 years
female: 28.7 years (2017 est.)",28.9,29.1,28.7
Liechtenstein,"47 16 N, 9 32 E",47.266666666666666,9.533333333333333,"38,244 (July 2017 est.)",38244,"total: 43.2 years
male: 41.7 years
female: 44.5 years (2017 est.)",43.2,41.7,44.5,"total: 43.2 years
male: 41.7 years
female: 44.5 years (2017 est.)",43.2,41.7,44.5
Lithuania,"56 00 N, 24 00 E",56.0,24.0,"2,823,859 (July 2017 est.)",2823859,"total: 43.7 years
male: 39.7 years
female: 47.1 years (2017 est.)",43.7,39.7,47.1,"total: 43.7 years
male: 39.7 years
female: 47.1 years (2017 est.)",43.7,39.7,47.1
Luxembourg,"49 45 N, 6 10 E",49.75,6.166666666666667,"594,130 (July 2017 est.)",594130,"total: 39.3 years
male: 38.7 years
female: 39.9 years (2017 est.)",39.3,38.7,39.9,"total: 39.3 years
male: 38.7 years
female: 39.9 years (2017 est.)",39.3,38.7,39.9
Macau,"22 10 N, 113 33 E",22.166666666666668,113.55,"601,969 (July 2017 est.)
note: Macau's statistical agency estimated the total population to be approximately 648,550 as of September 2017",601969,"total: 39.3 years
male: 39.5 years
female: 39.1 years (2017 est.)",39.3,39.5,39.1,"total: 39.3 years
male: 39.5 years
female: 39.1 years (2017 est.)",39.3,39.5,39.1
Macedonia,"41 50 N, 22 00 E",41.833333333333336,22.0,"2,103,721 (July 2017 est.)",2103721,"total: 37.9 years
male: 36.8 years
female: 39 years (2017 est.)",37.9,36.8,39.0,"total: 37.9 years
male: 36.8 years
female: 39 years (2017 est.)",37.9,36.8,39.0
Madagascar,"20 00 S, 47 00 E",-20.0,47.0,"25,054,161 (July 2017 est.)",25054161,"total: 19.7 years
male: 19.5 years
female: 19.9 years (2017 est.)",19.7,19.5,19.9,"total: 19.7 years
male: 19.5 years
female: 19.9 years (2017 est.)",19.7,19.5,19.9
Malawi,"13 30 S, 34 00 E",-13.5,34.0,"19,196,246
note: estimates for this country explicitly take into account the effects of excess mortality due to AIDS; this can result in lower life expectancy, higher infant mortality, higher death rates, lower population growth rates, and changes in the distribution of population by age and sex than would otherwise be expected (July 2017 est.)",19196246,"total: 16.5 years
male: 16.4 years
female: 16.7 years (2017 est.)",16.5,16.4,16.7,"total: 16.5 years
male: 16.4 years
female: 16.7 years (2017 est.)",16.5,16.4,16.7
Malaysia,"2 30 N, 112 30 E",2.5,112.5,"31,381,992 (July 2017 est.)",31381992,"total: 28.5 years
male: 28.2 years
female: 28.8 years (2017 est.)",28.5,28.2,28.8,"total: 28.5 years
male: 28.2 years
female: 28.8 years (2017 est.)",28.5,28.2,28.8
Maldives,"3 15 N, 73 00 E",3.25,73.0,"392,709 (July 2017 est.)",392709,"total: 28.2 years
male: 28.1 years
female: 28.3 years (2017 est.)",28.2,28.1,28.3,"total: 28.2 years
male: 28.1 years
female: 28.3 years (2017 est.)",28.2,28.1,28.3
Mali,"17 00 N, 4 00 W",17.0,-4.0,"17,885,245 (July 2017 est.)",17885245,"total: 15.8 years
male: 15.1 years
female: 16.4 years (2017 est.)",15.8,15.1,16.4,"total: 15.8 years
male: 15.1 years
female: 16.4 years (2017 est.)",15.8,15.1,16.4
Malta,"35 50 N, 14 35 E",35.833333333333336,14.583333333333334,"416,338 (July 2017 est.)",416338,"total: 41.8 years
male: 40.8 years
female: 43 years (2017 est.)",41.8,40.8,43.0,"total: 41.8 years
male: 40.8 years
female: 43 years (2017 est.)",41.8,40.8,43.0
Marshall Islands,"9 00 N, 168 00 E",9.0,168.0,"74,539 (July 2017 est.)",74539,"total: 22.9 years
male: 22.8 years
female: 23 years (2017 est.)",22.9,22.8,23.0,"total: 22.9 years
male: 22.8 years
female: 23 years (2017 est.)",22.9,22.8,23.0
Mauritania,"20 00 N, 12 00 W",20.0,-12.0,"3,758,571 (July 2017 est.)",3758571,"total: 20.5 years
male: 19.5 years
female: 21.4 years (2017 est.)",20.5,19.5,21.4,"total: 20.5 years
male: 19.5 years
female: 21.4 years (2017 est.)",20.5,19.5,21.4
Mauritius,"20 17 S, 57 33 E",-20.283333333333335,57.55,"1,356,388 (July 2017 est.)",1356388,"total: 35.3 years
male: 34.2 years
female: 36.3 years (2017 est.)",35.3,34.2,36.3,"total: 35.3 years
male: 34.2 years
female: 36.3 years (2017 est.)",35.3,34.2,36.3
Mexico,"23 00 N, 102 00 W",23.0,-102.0,"124,574,795 (July 2017 est.)",124574795,"total: 28.3 years
male: 27.2 years
female: 29.4 years (2017 est.)",28.3,27.2,29.4,"total: 28.3 years
male: 27.2 years
female: 29.4 years (2017 est.)",28.3,27.2,29.4
"Micronesia, Federated States of","6 55 N, 158 15 E",6.916666666666667,158.25,"104,196 (July 2017 est.)",104196,"24total: 25.1 years
male: 24.4 years
female: 25.8 years (2017 est.)",25.1,24.4,25.8,"24total: 25.1 years
male: 24.4 years
female: 25.8 years (2017 est.)",25.1,24.4,25.8
Moldova,"47 00 N, 29 00 E",47.0,29.0,"3,474,121 (July 2017 est.)",3474121,"total: 36.7 years
male: 34.9 years
female: 38.6 years (2017 est.)",36.7,34.9,38.6,"total: 36.7 years
male: 34.9 years
female: 38.6 years (2017 est.)",36.7,34.9,38.6
Monaco,"43 44 N, 7 24 E",43.733333333333334,7.4,"30,645 (July 2017 est.)
note: immigrants make up almost 55% of the total population, according to UN data (2017)",30645,"total: 53.1 years
male: 51.7 years
female: 54.5 years (2017 est.)",53.1,51.7,54.5,"total: 53.1 years
male: 51.7 years
female: 54.5 years (2017 est.)",53.1,51.7,54.5
Mongolia,"46 00 N, 105 00 E",46.0,105.0,"3,068,243
note: Mongolia is one of the least densely populated countries in the world (2 people per sq km); twice as many ethnic Mongols (some 6 million) live in Inner Mongolia (Nei Mongol) in neighboring China (July 2017 est.)",3068243,"total: 28.3 years
male: 27.5 years
female: 29.2 years (2017 est.)",28.3,27.5,29.2,"total: 28.3 years
male: 27.5 years
female: 29.2 years (2017 est.)",28.3,27.5,29.2
Montenegro,"42 30 N, 19 18 E",42.5,19.3,"642,550 (July 2017 est.)",642550,"total: 40.7 years
male: 39.9 years
female: 41.8 years (2017 est.)",40.7,39.9,41.8,"total: 40.7 years
male: 39.9 years
female: 41.8 years (2017 est.)",40.7,39.9,41.8
Montserrat,"16 45 N, 62 12 W",16.75,-62.2,"5,292
note: an estimated 8,000 refugees left the island following the resumption of volcanic activity in July 1995; some have returned (July 2017 est.)",5292,"total: 33.2 years
male: 32.6 years
female: 33.7 years (2017 est.)",33.2,32.6,33.7,"total: 33.2 years
male: 32.6 years
female: 33.7 years (2017 est.)",33.2,32.6,33.7
Morocco,"32 00 N, 5 00 W",32.0,-5.0,"33,986,655 (July 2017 est.)",33986655,"total: 29.3 years
male: 28.6 years
female: 29.9 years (2017 est.)",29.3,28.6,29.9,"total: 29.3 years
male: 28.6 years
female: 29.9 years (2017 est.)",29.3,28.6,29.9
Mozambique,"18 15 S, 35 00 E",-18.25,35.0,"26,573,706
note: estimates for this country explicitly take into account the effects of excess mortality due to AIDS; this can result in lower life expectancy, higher infant mortality, higher death rates, lower population growth rates, and changes in the distribution of population by age and sex than would otherwise be expected (July 2017 est.)",26573706,"total: 17.2 years
male: 16.6 years
female: 17.8 years (2017 est.)",17.2,16.6,17.8,"total: 17.2 years
male: 16.6 years
female: 17.8 years (2017 est.)",17.2,16.6,17.8
Namibia,"22 00 S, 17 00 E",-22.0,17.0,"2,484,780
note: estimates for this country explicitly take into account the effects of excess mortality due to AIDS; this can result in lower life expectancy, higher infant mortality, higher death rates, lower population growth rates, and changes in the distribution of population by age and sex than would otherwise be expected (July 2017 est.)",2484780,"total: 21.2 years
male: 20.4 years
female: 21.9 years (2017 est.)",21.2,20.4,21.9,"total: 21.2 years
male: 20.4 years
female: 21.9 years (2017 est.)",21.2,20.4,21.9
Nauru,"0 32 S, 166 55 E",-0.5333333333333333,166.91666666666666,"11,359 (July 2017 est.)",11359,"total: 26.4 years
male: 27 years
female: 25.7 years (2017 est.)",26.4,27.0,25.7,"total: 26.4 years
male: 27 years
female: 25.7 years (2017 est.)",26.4,27.0,25.7
Nepal,"28 00 N, 84 00 E",28.0,84.0,"29,384,297 (July 2017 est.)",29384297,"total: 24.1 years
male: 22.8 years
female: 25.3 years (2017 est.)",24.1,22.8,25.3,"total: 24.1 years
male: 22.8 years
female: 25.3 years (2017 est.)",24.1,22.8,25.3
Netherlands,"52 30 N, 5 45 E",52.5,5.75,"17,084,719 (July 2017 est.)",17084719,"total: 42.6 years
male: 41.5 years
female: 43.6 years (2017 est.)",42.6,41.5,43.6,"total: 42.6 years
male: 41.5 years
female: 43.6 years (2017 est.)",42.6,41.5,43.6
New Caledonia,"21 30 S, 165 30 E",-21.5,165.5,"279,070 (July 2017 est.)",279070,"total: 32 years
male: 31.2 years
female: 32.7 years (2017 est.)",32.0,31.2,32.7,"total: 32 years
male: 31.2 years
female: 32.7 years (2017 est.)",32.0,31.2,32.7
New Zealand,"41 00 S, 174 00 E",-41.0,174.0,"4,510,327 (July 2017 est.)",4510327,"total: 37.9 years
male: 37.1 years
female: 38.8 years (2017 est.)",37.9,37.1,38.8,"total: 37.9 years
male: 37.1 years
female: 38.8 years (2017 est.)",37.9,37.1,38.8
Nicaragua,"13 00 N, 85 00 W",13.0,-85.0,"6,025,951 (July 2017 est.)",6025951,"total: 25.7 years
male: 24.8 years
female: 26.6 years (2017 est.)",25.7,24.8,26.6,"total: 25.7 years
male: 24.8 years
female: 26.6 years (2017 est.)",25.7,24.8,26.6
Niger,"16 00 N, 8 00 E",16.0,8.0,"19,245,344 (July 2017 est.)",19245344,"total: 15.4 years
male: 15.3 years
female: 15.5 years (2017 est.)",15.4,15.3,15.5,"total: 15.4 years
male: 15.3 years
female: 15.5 years (2017 est.)",15.4,15.3,15.5
Nigeria,"10 00 N, 8 00 E",10.0,8.0,"190,632,261
note: estimates for this country explicitly take into account the effects of excess mortality due to AIDS; this can result in lower life expectancy, higher infant mortality, higher death rates, lower population growth rates, and changes in the distribution of population by age and sex than would otherwise be expected (July 2017 est.)",190632261,"total: 18.4 years
male: 18.3 years
female: 18.5 years (2017 est.)",18.4,18.3,18.5,"total: 18.4 years
male: 18.3 years
female: 18.5 years (2017 est.)",18.4,18.3,18.5
Northern Mariana Islands,"15 12 N, 145 45 E",15.2,145.75,"52,263 (July 2017 est.)",52263,"total: 33.6 years
male: 32.8 years
female: 34.4 years (2017 est.)",33.6,32.8,34.4,"total: 33.6 years
male: 32.8 years
female: 34.4 years (2017 est.)",33.6,32.8,34.4
Norway,"62 00 N, 10 00 E",62.0,10.0,"5,320,045 (July 2017 est.)",5320045,"total: 39.2 years
male: 38.4 years
female: 40 years (2017 est.)",39.2,38.4,40.0,"total: 39.2 years
male: 38.4 years
female: 40 years (2017 est.)",39.2,38.4,40.0
Oman,"21 00 N, 57 00 E",21.0,57.0,"4,613,241 (July 2017 est.)
note: immigrants make up approximately 45% of the total population (2017)",4613241,"total: 25.6 years
male: 26.6 years
female: 24.2 years (2017 est.)",25.6,26.6,24.2,"total: 25.6 years
male: 26.6 years
female: 24.2 years (2017 est.)",25.6,26.6,24.2
Pakistan,"30 00 N, 70 00 E",30.0,70.0,"204,924,861 (July 2017 est.)
note: provisional results of Pakistan's 2017 national census estimate the country's total population to be 207,774,000",204924861,"total: 23.8 years
male: 23.7 years
female: 23.8 years (2017 est.)",23.8,23.7,23.8,"total: 23.8 years
male: 23.7 years
female: 23.8 years (2017 est.)",23.8,23.7,23.8
Palau,"7 30 N, 134 30 E",7.5,134.5,"21,431 (July 2017 est.)",21431,"total: 33.4 years
male: 32.7 years
female: 35 years (2017 est.)",33.4,32.7,35.0,"total: 33.4 years
male: 32.7 years
female: 35 years (2017 est.)",33.4,32.7,35.0
Panama,"9 00 N, 80 00 W",9.0,-80.0,"3,753,142 (July 2017 est.)",3753142,"total: 29.2 years
male: 28.8 years
female: 29.6 years (2017 est.)",29.2,28.8,29.6,"total: 29.2 years
male: 28.8 years
female: 29.6 years (2017 est.)",29.2,28.8,29.6
Papua New Guinea,"6 00 S, 147 00 E",-6.0,147.0,"6,909,701 (July 2017 est.)",6909701,"total: 23.1 years
male: 23.2 years
female: 23.1 years (2017 est.)",23.1,23.2,23.1,"total: 23.1 years
male: 23.2 years
female: 23.1 years (2017 est.)",23.1,23.2,23.1
Paraguay,"23 00 S, 58 00 W",-23.0,-58.0,"6,943,739 (July 2017 est.)",6943739,"total: 28.2 years
male: 28 years
female: 28.5 years (2017 est.)",28.2,28.0,28.5,"total: 28.2 years
male: 28 years
female: 28.5 years (2017 est.)",28.2,28.0,28.5
Peru,"10 00 S, 76 00 W",-10.0,-76.0,"31,036,656 (July 2017 est.)",31036656,"total: 28 years
male: 27.2 years
female: 28.8 years (2017 est.)",28.0,27.2,28.8,"total: 28 years
male: 27.2 years
female: 28.8 years (2017 est.)",28.0,27.2,28.8
Philippines,"13 00 N, 122 00 E",13.0,122.0,"104,256,076 (July 2017 est.)",104256076,"total: 23.5 years
male: 23.1 years
female: 24 years (2017 est.)",23.5,23.1,24.0,"total: 23.5 years
male: 23.1 years
female: 24 years (2017 est.)",23.5,23.1,24.0
Poland,"52 00 N, 20 00 E",52.0,20.0,"38,476,269 (July 2017 est.)",38476269,"total: 40.7 years
male: 39 years
female: 42.4 years (2017 est.)",40.7,39.0,42.4,"total: 40.7 years
male: 39 years
female: 42.4 years (2017 est.)",40.7,39.0,42.4
Portugal,"39 30 N, 8 00 W",39.5,-8.0,"10,839,514 (July 2017 est.)",10839514,"total: 42.2 years
male: 40.2 years
female: 44.4 years (2017 est.)",42.2,40.2,44.4,"total: 42.2 years
male: 40.2 years
female: 44.4 years (2017 est.)",42.2,40.2,44.4
Puerto Rico,"18 15 N, 66 30 W",18.25,-66.5,"3,351,827 (July 2017 est.)",3351827,"total: 41.5 years
male: 39.5 years
female: 43.2 years (2017 est.)",41.5,39.5,43.2,"total: 41.5 years
male: 39.5 years
female: 43.2 years (2017 est.)",41.5,39.5,43.2
Qatar,"25 30 N, 51 15 E",25.5,51.25,"2,314,307 (July 2017 est.)",2314307,"total: 33.2 years
male: 34.3 years
female: 28.1 years (2017 est.)",33.2,34.3,28.1,"total: 33.2 years
male: 34.3 years
female: 28.1 years (2017 est.)",33.2,34.3,28.1
Romania,"46 00 N, 25 00 E",46.0,25.0,"21,529,967 (July 2017 est.)",21529967,"total: 41.1 years
male: 39.7 years
female: 42.6 years (2017 est.)",41.1,39.7,42.6,"total: 41.1 years
male: 39.7 years
female: 42.6 years (2017 est.)",41.1,39.7,42.6
Russia,"60 00 N, 100 00 E",60.0,100.0,"142,257,519 (July 2017 est.)",142257519,"total: 39.6 years
male: 36.6 years
female: 42.5 years (2017 est.)",39.6,36.6,42.5,"total: 39.6 years
male: 36.6 years
female: 42.5 years (2017 est.)",39.6,36.6,42.5
Rwanda,"2 00 S, 30 00 E",-2.0,30.0,"11,901,484
note: estimates for this country explicitly take into account the effects of excess mortality due to AIDS; this can result in lower life expectancy, higher infant mortality, higher death rates, lower population growth rates, and changes in the distribution of population by age and sex than would otherwise be expected (July 2017 est.)",11901484,"total: 19 years
male: 18.3 years
female: 19.8 years (2017 est.)",19.0,18.3,19.8,"total: 19 years
male: 18.3 years
female: 19.8 years (2017 est.)",19.0,18.3,19.8
Saint Barthelemy,"17 90 N, 62 85 W",18.5,-63.416666666666664,"7,184 (July 2017 est.)",7184,"total: 44.1 years
male: 44.1 years
female: 44.2 years (2017 est.)",44.1,44.1,44.2,"total: 44.1 years
male: 44.1 years
female: 44.2 years (2017 est.)",44.1,44.1,44.2
"Saint Helena, Ascension, and Tristan da Cunha","Saint Helena: 15 57 S, 5 42 W
Ascension Island: 7 57 S, 14 22 W
Tristan da Cunha island group: 37 15 S, 12 30 W",-15.95,-5.7,"7,828
note: Saint Helena's statistical agency estimated the enumerated national population (including Ascension Island and Tristan da Cuhna) to be 5,901 in 2016, according to the 2016 census; only Saint Helena, Ascension, and Tristan da Cunha islands are inhabited, none of the other nearby islands/islets are (July 2017 est.)",7828,"total: 41.9 years
male: 42 years
female: 41.9 years (2017 est.)",41.9,42.0,41.9,"total: 41.9 years
male: 42 years
female: 41.9 years (2017 est.)",41.9,42.0,41.9
Saint Kitts and Nevis,"17 20 N, 62 45 W",17.333333333333332,-62.75,"52,715 (July 2017 est.)",52715,"total: 35 years
male: 35.2 years
female: 34.8 years (2017 est.)",35.0,35.2,34.8,"total: 35 years
male: 35.2 years
female: 34.8 years (2017 est.)",35.0,35.2,34.8
Saint Lucia,"13 53 N, 60 58 W",13.883333333333333,-60.96666666666667,"164,994 (July 2017 est.)",164994,"total: 34.8 years
male: 33.7 years
female: 36 years (2017 est.)",34.8,33.7,36.0,"total: 34.8 years
male: 33.7 years
female: 36 years (2017 est.)",34.8,33.7,36.0
Saint Martin,"18 05 N, 63 57 W",18.083333333333332,-63.95,"32,125 (July 2017 est.)",32125,"total: 32.5 years
male: 31.6 years
female: 33.4 years (2017 est.)",32.5,31.6,33.4,"total: 32.5 years
male: 31.6 years
female: 33.4 years (2017 est.)",32.5,31.6,33.4
Saint Pierre and Miquelon,"46 50 N, 56 20 W",46.833333333333336,-56.333333333333336,"5,533 (July 2017 est.)",5533,"total: 46.5 years
male: 46 years
female: 47 years (2017 est.)",46.5,46.0,47.0,"total: 46.5 years
male: 46 years
female: 47 years (2017 est.)",46.5,46.0,47.0
Saint Vincent and the Grenadines,"13 15 N, 61 12 W",13.25,-61.2,"102,089 (July 2017 est.)",102089,"total: 33.6 years
male: 33.8 years
female: 33.4 years (2017 est.)",33.6,33.8,33.4,"total: 33.6 years
male: 33.8 years
female: 33.4 years (2017 est.)",33.6,33.8,33.4
Samoa,"13 35 S, 172 20 W",-13.583333333333334,-172.33333333333334,"200,108 (July 2017 est.)",200108,"total: 24.4 years
male: 24.1 years
female: 24.6 years (2017 est.)",24.4,24.1,24.6,"total: 24.4 years
male: 24.1 years
female: 24.6 years (2017 est.)",24.4,24.1,24.6
San Marino,"43 46 N, 12 25 E",43.766666666666666,12.416666666666666,"33,537 (July 2017 est.)",33537,"total: 44.4 years
male: 43.3 years
female: 45.4 years (2017 est.)",44.4,43.3,45.4,"total: 44.4 years
male: 43.3 years
female: 45.4 years (2017 est.)",44.4,43.3,45.4
Sao Tome and Principe,"1 00 N, 7 00 E",1.0,7.0,"201,025 (July 2017 est.)",201025,"total: 18.4 years
male: 18 years
female: 18.8 years (2017 est.)",18.4,18.0,18.8,"total: 18.4 years
male: 18 years
female: 18.8 years (2017 est.)",18.4,18.0,18.8
Saudi Arabia,"25 00 N, 45 00 E",25.0,45.0,"28,571,770 (July 2017 est.)
note: immigrants make up 37% of the total population, according to UN data (2017)",28571770,"total: 27.5 years
male: 28.2 years
female: 26.7 years (2017 est.)",27.5,28.2,26.7,"total: 27.5 years
male: 28.2 years
female: 26.7 years (2017 est.)",27.5,28.2,26.7
Senegal,"14 00 N, 14 00 W",14.0,-14.0,"14,668,522 (July 2017 est.)",14668522,"total: 18.8 years
male: 18 years
female: 19.7 years (2017 est.)",18.8,18.0,19.7,"total: 18.8 years
male: 18 years
female: 19.7 years (2017 est.)",18.8,18.0,19.7
Serbia,"44 00 N, 21 00 E",44.0,21.0,"7,111,024
note: does not include the population of Kosovo (July 2017 est.)",7111024,"total: 42.6 years
male: 40.9 years
female: 44.3 years (2017 est.)",42.6,40.9,44.3,"total: 42.6 years
male: 40.9 years
female: 44.3 years (2017 est.)",42.6,40.9,44.3
Seychelles,"4 35 S, 55 40 E",-4.583333333333333,55.666666666666664,"93,920 (July 2017 est.)",93920,"total: 35.4 years
male: 34.9 years
female: 36 years (2017 est.)",35.4,34.9,36.0,"total: 35.4 years
male: 34.9 years
female: 36 years (2017 est.)",35.4,34.9,36.0
Sierra Leone,"8 30 N, 11 30 W",8.5,-11.5,"6,163,195 (July 2017 est.)",6163195,"total: 19 years
male: 18.4 years
female: 19.6 years (2017 est.)",19.0,18.4,19.6,"total: 19 years
male: 18.4 years
female: 19.6 years (2017 est.)",19.0,18.4,19.6
Singapore,"1 22 N, 103 48 E",1.3666666666666667,103.8,"5,888,926 (July 2017 est.)",5888926,"total: 34.6 years
male: 34.5 years
female: 34.7 years (2017 est.)",34.6,34.5,34.7,"total: 34.6 years
male: 34.5 years
female: 34.7 years (2017 est.)",34.6,34.5,34.7
Sint Maarten,"18 4 N, 63 4 W",18.066666666666666,-63.06666666666667,"42,083 (July 2017 est.)",42083,"total: 41 years
male: 39.9 years
female: 42 years (2017 est.)",41.0,39.9,42.0,"total: 41 years
male: 39.9 years
female: 42 years (2017 est.)",41.0,39.9,42.0
Slovakia,"48 40 N, 19 30 E",48.666666666666664,19.5,"5,445,829 (July 2017 est.)",5445829,"total: 40.5 years
male: 38.8 years
female: 42.3 years (2017 est.)",40.5,38.8,42.3,"total: 40.5 years
male: 38.8 years
female: 42.3 years (2017 est.)",40.5,38.8,42.3
Slovenia,"46 07 N, 14 49 E",46.11666666666667,14.816666666666666,"1,972,126 (July 2017 est.)",1972126,"total: 44.5 years
male: 42.8 years
female: 46.2 years (2017 est.)",44.5,42.8,46.2,"total: 44.5 years
male: 42.8 years
female: 46.2 years (2017 est.)",44.5,42.8,46.2
Solomon Islands,"8 00 S, 159 00 E",-8.0,159.0,"647,581 (July 2017 est.)",647581,"total: 22.5 years
male: 22.3 years
female: 22.8 years (2017 est.)",22.5,22.3,22.8,"total: 22.5 years
male: 22.3 years
female: 22.8 years (2017 est.)",22.5,22.3,22.8
Somalia,"10 00 N, 49 00 E",10.0,49.0,"11,031,386
note: this estimate was derived from an official census taken in 1975 by the Somali Government; population counting in Somalia is complicated by the large number of nomads and by refugee movements in response to famine and clan warfare (July 2017 est.)",11031386,"total: 18.1 years
male: 18.3 years
female: 17.9 years (2017 est.)",18.1,18.3,17.9,"total: 18.1 years
male: 18.3 years
female: 17.9 years (2017 est.)",18.1,18.3,17.9
South Africa,"29 00 S, 24 00 E",-29.0,24.0,"54,841,552
note: estimates for this country explicitly take into account the effects of excess mortality due to AIDS; this can result in lower life expectancy, higher infant mortality, higher death rates, lower population growth rates, and changes in the distribution of population by age and sex than would otherwise be expected (July 2017 est.)",54841552,"total: 27.1 years
male: 26.9 years
female: 27.3 years (2017 est.)",27.1,26.9,27.3,"total: 27.1 years
male: 26.9 years
female: 27.3 years (2017 est.)",27.1,26.9,27.3
South Sudan,"8 00 N, 30 00 E",8.0,30.0,"13,026,129 (July 2017 est.)",13026129,"total: 17.3 years
male: 17.2 years
female: 17.5 years (2017 est.)",17.3,17.2,17.5,"total: 17.3 years
male: 17.2 years
female: 17.5 years (2017 est.)",17.3,17.2,17.5
Spain,"40 00 N, 4 00 W",40.0,-4.0,"48,958,159 (July 2017 est.)",48958159,"total: 42.7 years
male: 41.5 years
female: 43.9 years (2017 est.)",42.7,41.5,43.9,"total: 42.7 years
male: 41.5 years
female: 43.9 years (2017 est.)",42.7,41.5,43.9
Sri Lanka,"7 00 N, 81 00 E",7.0,81.0,"22,409,381 (July 2017 est.)",22409381,"total: 32.8 years
male: 31.5 years
female: 34 years (2017 est.)",32.8,31.5,34.0,"total: 32.8 years
male: 31.5 years
female: 34 years (2017 est.)",32.8,31.5,34.0
Sudan,"15 00 N, 30 00 E",15.0,30.0,"37,345,935 (July 2017 est.)",37345935,"total: 19.9 years
male: 19.7 years
female: 20.1 years (2017 est.)",19.9,19.7,20.1,"total: 19.9 years
male: 19.7 years
female: 20.1 years (2017 est.)",19.9,19.7,20.1
Suriname,"4 00 N, 56 00 W",4.0,-56.0,"591,919 (July 2017 est.)",591919,"total: 29.8 years
male: 29.4 years
female: 30.2 years (2017 est.)",29.8,29.4,30.2,"total: 29.8 years
male: 29.4 years
female: 30.2 years (2017 est.)",29.8,29.4,30.2
Swaziland,"26 30 S, 31 30 E",-26.5,31.5,"1,467,152
note: estimates for this country explicitly take into account the effects of excess mortality due to AIDS; this can result in lower life expectancy, higher infant mortality, higher death rates, lower population growth rates, and changes in the distribution of population by age and sex than would otherwise be expected (July 2017 est.)",1467152,"total: 21.7 years
male: 21.5 years
female: 21.9 years (2017 est.)",21.7,21.5,21.9,"total: 21.7 years
male: 21.5 years
female: 21.9 years (2017 est.)",21.7,21.5,21.9
Sweden,"62 00 N, 15 00 E",62.0,15.0,"9,960,487 (July 2017 est.)",9960487,"total: 41.2 years
male: 40.2 years
female: 42.2 years (2017 est.)",41.2,40.2,42.2,"total: 41.2 years
male: 40.2 years
female: 42.2 years (2017 est.)",41.2,40.2,42.2
Switzerland,"47 00 N, 8 00 E",47.0,8.0,"8,236,303 (July 2017 est.)",8236303,"total: 42.4 years
male: 41.4 years
female: 43.4 years (2017 est.)",42.4,41.4,43.4,"total: 42.4 years
male: 41.4 years
female: 43.4 years (2017 est.)",42.4,41.4,43.4
Syria,"35 00 N, 38 00 E",35.0,38.0,"18,028,549 (July 2017 est.)
note: approximately 20,500 Israeli settlers live in the Golan Heights (2014)",18028549,"total: 24.3 years
male: 23.9 years
female: 24.8 years (2017 est.)",24.3,23.9,24.8,"total: 24.3 years
male: 23.9 years
female: 24.8 years (2017 est.)",24.3,23.9,24.8
Taiwan,"23 30 N, 121 00 E",23.5,121.0,"23,508,428 (July 2017 est.)",23508428,"total: 40.7 years
male: 40 years
female: 41.5 years (2017 est.)",40.7,40.0,41.5,"total: 40.7 years
male: 40 years
female: 41.5 years (2017 est.)",40.7,40.0,41.5
Tajikistan,"39 00 N, 71 00 E",39.0,71.0,"8,468,555 (July 2017 est.)",8468555,"total: 24.5 years
male: 23.9 years
female: 25.1 years (2017 est.)",24.5,23.9,25.1,"total: 24.5 years
male: 23.9 years
female: 25.1 years (2017 est.)",24.5,23.9,25.1
Tanzania,"6 00 S, 35 00 E",-6.0,35.0,"53,950,935
note: estimates for this country explicitly take into account the effects of excess mortality due to AIDS; this can result in lower life expectancy, higher infant mortality, higher death rates, lower population growth rates, and changes in the distribution of population by age and sex than would otherwise be expected (July 2017 est.)",53950935,"total: 17.7 years
male: 17.5 years
female: 18 years (2017 est.)",17.7,17.5,18.0,"total: 17.7 years
male: 17.5 years
female: 18 years (2017 est.)",17.7,17.5,18.0
Thailand,"15 00 N, 100 00 E",15.0,100.0,"68,414,135
note: estimates for this country explicitly take into account the effects of excess mortality due to AIDS; this can result in lower life expectancy, higher infant mortality, higher death rates, lower population growth rates, and changes in the distribution of population by age and sex than would otherwise be expected (July 2017 est.)",68414135,"total: 37.7 years
male: 36.6 years
female: 38.7 years (2017 est.)",37.7,36.6,38.7,"total: 37.7 years
male: 36.6 years
female: 38.7 years (2017 est.)",37.7,36.6,38.7
Timor-Leste,"8 50 S, 125 55 E",-8.833333333333334,125.91666666666667,"1,291,358 (July 2017 est.)",1291358,"total: 18.9 years
male: 18.3 years
female: 19.6 years (2017 est.)",18.9,18.3,19.6,"total: 18.9 years
male: 18.3 years
female: 19.6 years (2017 est.)",18.9,18.3,19.6
Togo,"8 00 N, 1 10 E",8.0,1.1666666666666667,"7,965,055
note: estimates for this country explicitly take into account the effects of excess mortality due to AIDS; this can result in lower life expectancy, higher infant mortality, higher death rates, lower population growth rates, and changes in the distribution of population by age and sex than would otherwise be expected (July 2017 est.)",7965055,"total: 19.8 years
male: 19.5 years
female: 20.1 years (2017 est.)",19.8,19.5,20.1,"total: 19.8 years
male: 19.5 years
female: 20.1 years (2017 est.)",19.8,19.5,20.1
Tonga,"20 00 S, 175 00 W",-20.0,-175.0,"106,479 (July 2017 est.)",106479,"total: 23 years
male: 22.5 years
female: 23.4 years (2017 est.)",23.0,22.5,23.4,"total: 23 years
male: 22.5 years
female: 23.4 years (2017 est.)",23.0,22.5,23.4
Trinidad and Tobago,"11 00 N, 61 00 W",11.0,-61.0,"1,218,208 (July 2017 est.)",1218208,"total: 36 years
male: 35.6 years
female: 36.6 years (2017 est.)",36.0,35.6,36.6,"total: 36 years
male: 35.6 years
female: 36.6 years (2017 est.)",36.0,35.6,36.6
Tunisia,"34 00 N, 9 00 E",34.0,9.0,"11,403,800 (July 2017 est.)",11403800,"total: 31.6 years
male: 31 years
female: 32.2 years (2017 est.)",31.6,31.0,32.2,"total: 31.6 years
male: 31 years
female: 32.2 years (2017 est.)",31.6,31.0,32.2
Turkey,"39 00 N, 35 00 E",39.0,35.0,"80,845,215 (July 2017 est.)",80845215,"total: 30.9 years
male: 30.5 years
female: 31.4 years (2017 est.)",30.9,30.5,31.4,"total: 30.9 years
male: 30.5 years
female: 31.4 years (2017 est.)",30.9,30.5,31.4
Turkmenistan,"40 00 N, 60 00 E",40.0,60.0,"5,351,277 (July 2017 est.)",5351277,"total: 27.9 years
male: 27.5 years
female: 28.4 years (2017 est.)",27.9,27.5,28.4,"total: 27.9 years
male: 27.5 years
female: 28.4 years (2017 est.)",27.9,27.5,28.4
Turks and Caicos Islands,"21 45 N, 71 35 W",21.75,-71.58333333333333,"52,570 (July 2017 est.)",52570,"total: 33.3 years
male: 33.6 years
female: 33 years (2017 est.)",33.3,33.6,33.0,"total: 33.3 years
male: 33.6 years
female: 33 years (2017 est.)",33.3,33.6,33.0
Tuvalu,"8 00 S, 178 00 E",-8.0,178.0,"11,052 (July 2017 est.)",11052,"total: 25.7 years
male: 24.7 years
female: 26.9 years (2017 est.)",25.7,24.7,26.9,"total: 25.7 years
male: 24.7 years
female: 26.9 years (2017 est.)",25.7,24.7,26.9
Uganda,"1 00 N, 32 00 E",1.0,32.0,"39,570,125
note: estimates for this country explicitly take into account the effects of excess mortality due to AIDS; this can result in lower life expectancy, higher infant mortality, higher death rates, lower population growth rates, and changes in the distribution of population by age and sex than would otherwise be expected (July 2017 est.)",39570125,"total: 15.8 years
male: 15.7 years
female: 15.9 years (2017 est.)",15.8,15.7,15.9,"total: 15.8 years
male: 15.7 years
female: 15.9 years (2017 est.)",15.8,15.7,15.9
Ukraine,"49 00 N, 32 00 E",49.0,32.0,"44,033,874 (July 2017 est.)",44033874,"total: 40.6 years
male: 37.4 years
female: 43.7 years (2017 est.)",40.6,37.4,43.7,"total: 40.6 years
male: 37.4 years
female: 43.7 years (2017 est.)",40.6,37.4,43.7
United Arab Emirates,"24 00 N, 54 00 E",24.0,54.0,"6,072,475 (July 2017 est.)
note: the UN estimated the country's total population was 9,400,145 as of mid-year 2017; immigrants make up more than 88% of the total population, according to UN data (2017)",6072475,"total: 30.3 years
male: 32.1 years
female: 25 years (2017 est.)",30.3,32.1,25.0,"total: 30.3 years
male: 32.1 years
female: 25 years (2017 est.)",30.3,32.1,25.0
United Kingdom,"54 00 N, 2 00 W",54.0,-2.0,"United Kingdom 65,648,100
constituent countries: 
England 55,268,100
Scotland 5,404,700
Wales 3,113,200
Northern Ireland 1,862,100 (2016 est.)",65648100,"total: 40.5 years
male: 39.3 years
female: 41.7 years (2017 est.)",40.5,39.3,41.7,"total: 40.5 years
male: 39.3 years
female: 41.7 years (2017 est.)",40.5,39.3,41.7
United States,"38 00 N, 97 00 W",38.0,-97.0,"326,625,791 (July 2017 est.)",326625791,"total: 38.1 years
male: 36.8 years
female: 39.4 years (2017 est.)",38.1,36.8,39.4,"total: 38.1 years
male: 36.8 years
female: 39.4 years (2017 est.)",38.1,36.8,39.4
Uruguay,"33 00 S, 56 00 W",-33.0,-56.0,"3,360,148 (July 2017 est.)",3360148,"total: 35 years
male: 33.1 years
female: 36.7 years (2017 est.)",35.0,33.1,36.7,"total: 35 years
male: 33.1 years
female: 36.7 years (2017 est.)",35.0,33.1,36.7
Uzbekistan,"41 00 N, 64 00 E",41.0,64.0,"29,748,859 (July 2017 est.)",29748859,"total: 28.6 years
male: 28 years
female: 29.2 years (2017 est.)",28.6,28.0,29.2,"total: 28.6 years
male: 28 years
female: 29.2 years (2017 est.)",28.6,28.0,29.2
Vanuatu,"16 00 S, 167 00 E",-16.0,167.0,"282,814 (July 2017 est.)",282814,"total: 22 years
male: 21.6 years
female: 22.4 years (2017 est.)",22.0,21.6,22.4,"total: 22 years
male: 21.6 years
female: 22.4 years (2017 est.)",22.0,21.6,22.4
Venezuela,"8 00 N, 66 00 W",8.0,-66.0,"31,304,016 (July 2017 est.)",31304016,"total: 28.3 years
male: 27.6 years
female: 29 years (2017 est.)",28.3,27.6,29.0,"total: 28.3 years
male: 27.6 years
female: 29 years (2017 est.)",28.3,27.6,29.0
Vietnam,"16 10 N, 107 50 E",16.166666666666668,107.83333333333333,"96,160,163 (July 2017 est.)",96160163,"total: 30.5 years
male: 29.4 years
female: 31.7 years (2017 est.)",30.5,29.4,31.7,"total: 30.5 years
male: 29.4 years
female: 31.7 years (2017 est.)",30.5,29.4,31.7
Virgin Islands,"18 20 N, 64 50 W",18.333333333333332,-64.83333333333333,"107,268 (July 2017 est.)",107268,"total: 41 years
male: 39.9 years
female: 41.9 years (2017 est.)",41.0,39.9,41.9,"total: 41 years
male: 39.9 years
female: 41.9 years (2017 est.)",41.0,39.9,41.9
Wallis and Futuna,"13 18 S, 176 12 W",-13.3,-176.2,"15,714 (July 2017 est.)",15714,"total: 32.2 years
male: 31.3 years
female: 33.4 years (2017 est.)",32.2,31.3,33.4,"total: 32.2 years
male: 31.3 years
female: 33.4 years (2017 est.)",32.2,31.3,33.4
West Bank,"32 00 N, 35 15 E",32.0,35.25,"2,747,943 (July 2017 est.)
note: approximately 391,000 Israeli settlers live in the West Bank (2016); approximately 201,200 Israeli settlers live in East Jerusalem (2014)",2747943,"total: 21.1 years
male: 20.9 years
female: 21.3 years (2017 est.)",21.1,20.9,21.3,"total: 21.1 years
male: 20.9 years
female: 21.3 years (2017 est.)",21.1,20.9,21.3
Western Sahara,"24 30 N, 13 00 W",24.5,-13.0,"603,253
note: estimate is based on projections by age, sex, fertility, mortality, and migration; fertility and mortality are based on data from neighboring countries (July 2017 est.)",603253,"total: 21.3 years
male: 20.8 years
female: 21.8 years (2017 est.)",21.3,20.8,21.8,"total: 21.3 years
male: 20.8 years
female: 21.8 years (2017 est.)",21.3,20.8,21.8
Yemen,"15 00 N, 48 00 E",15.0,48.0,"28,036,829 (July 2017 est.)",28036829,"total: 19.5 years
male: 19.3 years
female: 19.6 years (2017 est.)",19.5,19.3,19.6,"total: 19.5 years
male: 19.3 years
female: 19.6 years (2017 est.)",19.5,19.3,19.6
Zambia,"15 00 S, 30 00 E",-15.0,30.0,"15.972 million
note: estimates for this country explicitly take into account the effects of excess mortality due to AIDS; this can result in lower life expectancy, higher infant mortality, higher death rates, lower population growth rates, and changes in the distribution of population by age and sex than would otherwise be expected (July 2017 est.)",15,"total: 16.8 years
male: 16.6 years
female: 16.9 years (2017 est.)",16.8,16.6,16.9,"total: 16.8 years
male: 16.6 years
female: 16.9 years (2017 est.)",16.8,16.6,16.9
Zimbabwe,"20 00 S, 30 00 E",-20.0,30.0,"13,805,084
note: estimates for this country explicitly take into account the effects of excess mortality due to AIDS; this can result in lower life expectancy, higher infant mortality, higher death rates, lower population growth rates, and changes in the distribution of population by age and sex than would otherwise be expected (July 2017 est.)",13805084,"total: 20 years
male: 19.6 years
female: 20.4 years (2017 est.)",20.0,19.6,20.4,"total: 20 years
male: 19.6 years
female: 20.4 years (2017 est.)",20.0,19.6,20.4
